,Unnamed: 0,Unnamed: 0.1,DrugBank ID,Gene,Label,SMILES,Target Sequence
0,3,4,DB08533,P49862,0.0,CC1=CN=C2N1C=CN=C2NCC1=CC=NC=C1,MARSLLLPLQILLLSLALETAGEEAQGDKIIDGAPCARGSHPWQVALLSGNQLHCGGVLVNERWVLTAAHCKMNEYTVHLGSDTLGDRRAQRIKASKSFRHPGYSTQTHVNDLMLVKLNSQARLSSMVKKVRLPSRCEPPGTTCTVSGWGTTTSPDVTFPSDLMCVDVKLISPQDCTKVYKDLLENSMLCAGIPDSKKNACNGDSGGPLVCRGTLQGLVSWGTFPCGQPNDPGVYTQVCKFTKWINDTMKKHR
1,4,5,DB00755,P48443,1.0,C\C(\C=C\C1=C(C)CCCC1(C)C)=C/C=C/C(/C)=C/C(O)=O,MYGNYSHFMKFPAGYGGSPGHTGSTSMSPSAALSTGKPMDSHPSYTDTPVSAPRTLSAVGTPLNALGSPYRVITSAMGPPSGALAAPPGINLVAPPSSQLNVVNSVSSSEDIKPLPGLPGIGNMNYPSTSPGSLVKHICAICGDRSSGKHYGVYSCEGCKGFFKRTIRKDLIYTCRDNKDCLIDKRQRNRCQYCRYQKCLVMGMKREAVQEERQRSRERAESEAECATSGHEDMPVERILEAELAVEPKTESYGDMNMENSTNDPVTNICHAADKQLFTLVEWAKRIPHFSDLTLEDQVILLRAGWNELLIASFSHRSVSVQDGILLATGLHVHRSSAHSAGVGSIFDRVLTELVSKMKDMQMDKSELGCLRAIVLFNPDAKGLSNPSEVETLREKVYATLEAYTKQKYPEQPGRFAKLLLRLPALRSIGLKCLEHLFFFKLIGDTPIDTFLMEMLETPLQIT
2,5,6,DB00361,O60218,0.0,[H][C@@]12N(C)C3=CC(OC)=C(C=C3[C@@]11CCN3CC=C[C@](CC)([C@@]13[H])[C@@]([H])(OC(C)=O)[C@]2(O)C(=O)OC)[C@]1(C[C@@]2([H])CN(CC(CC)=C2)CC2=C1NC1=CC=CC=C21)C(=O)OC,MATFVELSTKAKMPIVGLGTWKSPLGKVKEAVKVAIDAGYRHIDCAYVYQNEHEVGEAIQEKIQEKAVKREDLFIVSKLWPTFFERPLVRKAFEKTLKDLKLSYLDVYLIHWPQGFKSGDDLFPKDDKGNAIGGKATFLDAWEAMEELVDEGLVKALGVSNFSHFQIEKLLNKPGLKYKPVTNQVECHPYLTQEKLIQYCHSKGITVTAYSPLGSPDRPWAKPEDPSLLEDPKIKEIAAKHKKTAAQVLIRFHIQRNVIVIPKSVTPARIVENIQVFDFKLSDEEMATILSFNRNWRACNVLQSSHLEDYPFNAEY
3,7,8,DB01136,P08588,1.0,COC1=CC=CC=C1OCCNCC(O)COC1=CC=CC2=C1C1=CC=CC=C1N2,MGAGVLVLGASEPGNLSSAAPLPDGAATAARLLVPASPPASLLPPASESPEPLSQQWTAGMGLLMALIVLLIVAGNVLVIVAIAKTPRLQTLTNLFIMSLASADLVMGLLVVPFGATIVVWGRWEYGSFFCELWTSVDVLCVTASIETLCVIALDRYLAITSPFRYQSLLTRARARGLVCTVWAISALVSFLPILMHWWRAESDEARRCYNDPKCCDFVTNRAYAIASSVVSFYVPLCIMAFVYLRVFREAQKQVKKIDSCERRFLGGPARPPSPSPSPVPAPAPPPGPPRPAAAAATAPLANGRAGKRRPSRLVALREQKALKTLGIIMGVFTLCWLPFFLANVVKAFHRELVPDRLFVFFNWLGYANSAFNPIIYCRSPDFRKAFQRLLCCARRAARRRHATHGDRPRASGCLARPGPPPSPGAASDDDDDDVVGATPPARLLEPWAGCNGGAAADSDSSLDEPCRPGFASESKV
4,8,9,DB06963,Q9Y691,0.0,[H][C@@](C)(NC1=CC2=C(C=N1)C(C)=NN2C1=CC=CC(CCC(N)=O)=C1)C1=CC=CC=C1,MFIWTSGRTSSSYRHDEKRNIYQKIRDHDLLDKRKTVTALKAGEDRAILLGLAMMVCSIMMYFLLGITLLRSYMQSVWTEESQCTLLNASITETFNCSFSCGPDCWKLSQYPCLQVYVNLTSSGEKLLLYHTEETIKINQKCSYIPKCGKNFEESMSLVNVVMENFRKYQHFSCYSDPEGNQKSVILTKLYSSNVLFHSLFWPTCMMAGGVAIVAMVKLTQYLSLLCERIQRINR
5,10,11,DB02705,P00749,1.0,[H][C@]1(NCCC2=C1C=C(NC(=O)C1=CC=C3C=C(C=CC3=C1)C(N)=N)C=C2)C(C)C,MRALLARLLLCVLVVSDSKGSNELHQVPSNCDCLNGGTCVSNKYFSNIHWCNCPKKFGGQHCEIDKSKTCYEGNGHFYRGKASTDTMGRPCLPWNSATVLQQTYHAHRSDALQLGLGKHNYCRNPDNRRRPWCYVQVGLKPLVQECMVHDCADGKKPSSPPEELKFQCGQKTLRPRFKIIGGEFTTIENQPWFAAIYRRHRGGSVTYVCGGSLISPCWVISATHCFIDYPKKEDYIVYLGRSRLNSNTQGEMKFEVENLILHKDYSADTLAHHNDIALLKIRSKEGRCAQPSRTIQTICLPSMYNDPQFGTSCEITGFGKENSTDYLYPEQLKMTVVKLISHRECQQPHYYGSEVTTKMLCAADPQWKTDSCQGDSGGPLVCSLQGRMTLTGIVSWGRGCALKDKPGVYTRVSHFLPWIRSHTKEENGLAL
6,12,13,DB01234,Q96S86,0.0,[H][C@@]12C[C@@H](C)[C@](O)(C(=O)CO)[C@@]1(C)C[C@H](O)[C@@]1(F)[C@@]2([H])CCC2=CC(=O)C=C[C@]12C,MGLLLLVPLLLLPGSYGLPFYNGFYYSNSANDQNLGNGHGKDLLNGVKLVVETPEETLFTYQGASVILPCRYRYEPALVSPRRVRVKWWKLSENGAPEKDVLVAIGLRHRSFGDYQGRVHLRQDKEHDVSLEIQDLRLEDYGRYRCEVIDGLEDESGLVELELRGVVFPYQSPNGRYQFNFHEGQQVCAEQAAVVASFEQLFRAWEEGLDWCNAGWLQDATVQYPIMLPRQPCGGPGLAPGVRSYGPRHRRLHRYDVFCFATALKGRVYYLEHPEKLTLTEAREACQEDDATIAKVGQLFAAWKFHGLDRCDAGWLADGSVRYPVVHPHPNCGPPEPGVRSFGFPDPQSRLYGVYCYRQH
7,14,15,DB00513,P63098,0.0,NCCCCCC(O)=O,MGNEASYPLEMCSHFDADEIKRLGKRFKKLDLDNSGSLSVEEFMSLPELQQNPLVQRVIDIFDTDGNGEVDFKEFIEGVSQFSVKGDKEQKLRFAFRIYDMDKDGYISNGELFQVLKMMVGNNLKDTQLQQIVDKTIINADKDGDGRISFEEFCAVVGGLDIHKKMVVDV
8,16,17,DB00228,P48169,1.0,FC(F)OC(F)(F)C(F)Cl,MVSAKKVPAIALSAGVSFALLRFLCLAVCLNESPGQNQKEEKLCTENFTRILDSLLDGYDNRLRPGFGGPVTEVKTDIYVTSFGPVSDVEMEYTMDVFFRQTWIDKRLKYDGPIEILRLNNMMVTKVWTPDTFFRNGKKSVSHNMTAPNKLFRIMRNGTILYTMRLTISAECPMRLVDFPMDGHACPLKFGSYAYPKSEMIYTWTKGPEKSVEVPKESSSLVQYDLIGQTVSSETIKSITGEYIVMTVYFHLRRKMGYFMIQTYIPCIMTVILSQVSFWINKESVPARTVFGITTVLTMTTLSISARHSLPKVSYATAMDWFIAVCFAFVFSALIEFAAVNYFTNIQMEKAKRKTSKPPQEVPAAPVQREKHPEAPLQNTNANLNMRKRTNALVHSESDVGNRTEVGNHSSKSSTVVQESSKGTPRSYLASSPNPFSRANAAETISAARALPSASPTSIRTGYMPRKASVGSASTRHVFGSRLQRIKTTVNTIGATGKLSATPPPSAPPPSGSGTSKIDKYARILFPVTFGAFNMVYWVVYLSKDTMEKSESLM
9,18,19,DB00759,P11274,0.0,[H][C@@]12C[C@@]3([H])C(=C(O)[C@]1(O)C(=O)C(C(N)=O)=C(O)[C@H]2N(C)C)C(=O)C1=C(O)C=CC=C1[C@@]3(C)O,MVDPVGFAEAWKAQFPDSEPPRMELRSVGDIEQELERCKASIRRLEQEVNQERFRMIYLQTLLAKEKKSYDRQRWGFRRAAQAPDGASEPRASASRPQPAPADGADPPPAEEPEARPDGEGSPGKARPGTARRPGAAASGERDDRGPPASVAALRSNFERIRKGHGQPGADAEKPFYVNVEFHHERGLVKVNDKEVSDRISSLGSQAMQMERKKSQHGAGSSVGDASRPPYRGRSSESSCGVDGDYEDAELNPRFLKDNLIDANGGSRPPWPPLEYQPYQSIYVGGMMEGEGKGPLLRSQSTSEQEKRLTWPRRSYSPRSFEDCGGGYTPDCSSNENLTSSEEDFSSGQSSRVSPSPTTYRMFRDKSRSPSQNSQQSFDSSSPPTPQCHKRHRHCPVVVSEATIVGVRKTGQIWPNDGEGAFHGDADGSFGTPPGYGCAADRAEEQRRHQDGLPYIDDSPSSSPHLSSKGRGSRDALVSGALESTKASELDLEKGLEMRKWVLSGILASEETYLSHLEALLLPMKPLKAAATTSQPVLTSQQIETIFFKVPELYEIHKEFYDGLFPRVQQWSHQQRVGDLFQKLASQLGVYRAFVDNYGVAMEMAEKCCQANAQFAEISENLRARSNKDAKDPTTKNSLETLLYKPVDRVTRSTLVLHDLLKHTPASHPDHPLLQDALRISQNFLSSINEEITPRRQSMTVKKGEHRQLLKDSFMVELVEGARKLRHVFLFTDLLLCTKLKKQSGGKTQQYDCKWYIPLTDLSFQMVDELEAVPNIPLVPDEELDALKIKISQIKNDIQREKRANKGSKATERLKKKLSEQESLLLLMSPSMAFRVHSRNGKSYTFLISSDYERAEWRENIREQQKKCFRSFSLTSVELQMLTNSCVKLQTVHSIPLTINKEDDESPGLYGFLNVIVHSATGFKQSSNLYCTLEVDSFGYFVNKAKTRVYRDTAEPNWNEEFEIELEGSQTLRILCYEKCYNKTKIPKEDGESTDRLMGKGQVQLDPQALQDRDWQRTVIAMNGIEVKLSVKFNSREFSLKRMPSRKQTGVFGVKIAVVTKRERSKVPYIVRQCVEEIERRGMEEVGIYRVSGVATDIQALKAAFDVNNKDVSVMMSEMDVNAIAGTLKLYFRELPEPLFTDEFYPNFAEGIALSDPVAKESCMLNLLLSLPEANLLTFLFLLDHLKRVAEKEAVNKMSLHNLATVFGPTLLRPSEKESKLPANPSQPITMTDSWSLEVMSQVQVLLYFLQLEAIPAPDSKRQSILFSTEV
10,20,21,DB01221,P41595,1.0,CNC1(CCCCC1=O)C1=CC=CC=C1Cl,MALSYRVSELQSTIPEHILQSTFVHVISSNWSGLQTESIPEEMKQIVEEQGNKLHWAALLILMVIIPTIGGNTLVILAVSLEKKLQYATNYFLMSLAVADLLVGLFVMPIALLTIMFEAMWPLPLVLCPAWLFLDVLFSTASIMHLCAISVDRYIAIKKPIQANQYNSRATAFIKITVVWLISIGIAIPVPIKGIETDVDNPNNITCVLTKERFGDFMLFGSLAAFFTPLAIMIVTYFLTIHALQKKAYLVKNKPPQRLTWLTVSTVFQRDETPCSSPEKVAMLDGSRKDKALPNSGDETLMRRTSTIGKKSVQTISNEQRASKVLGIVFFLFLLMWCPFFITNITLVLCDSCNQTTLQMLLEIFVWIGYVSSGVNPLVYTLFNKTFRDAFGRYITCNYRATKSVKTLRKRSSKIYFRNPMAENSKFFKKHGIRNGINPAMYQSPMRLRSSTIQSSSIILLDTLLLTENEGDKTEEQVSYV
11,21,22,DB07397,P22894,1.0,[H][C@@]1(CC(N)=O)CCCC2=C1C1=C(S2)N=C(NC1=O)C(=O)NCC1=CC=C2OCC(=O)NC2=C1,MFSLKTLPFLLLLHVQISKAFPVSSKEKNTKTVQDYLEKFYQLPSNQYQSTRKNGTNVIVEKLKEMQRFFGLNVTGKPNEETLDMMKKPRCGVPDSGGFMLTPGNPKWERTNLTYRIRNYTPQLSEAEVERAIKDAFELWSVASPLIFTRISQGEADINIAFYQRDHGDNSPFDGPNGILAHAFQPGQGIGGDAHFDAEETWTNTSANYNLFLVAAHEFGHSLGLAHSSDPGALMYPNYAFRETSNYSLPQDDIDGIQAIYGLSSNPIQPTGPSTPKPCDPSLTFDAITTLRGEILFFKDRYFWRRHPQLQRVEMNFISLFWPSLPTGIQAAYEDFDRDLIFLFKGNQYWALSGYDILQGYPKDISNYGFPSSVQAIDAAVFYRSKTYFFVNDQFWRYDNQRQFMEPGYPKSISGAFPGIESKVDAVFQQEHFFHVFSGPRYYAFDLIAQRVTRVARGNKWLNCRYG
12,22,23,DB00268,P41231,0.0,CCCN(CCC)CCC1=C2CC(=O)NC2=CC=C1,MAADLGPWNDTINGTWDGDELGYRCRFNEDFKYVLLPVSYGVVCVPGLCLNAVALYIFLCRLKTWNASTTYMFHLAVSDALYAASLPLLVYYYARGDHWPFSTVLCKLVRFLFYTNLYCSILFLTCISVHRCLGVLRPLRSLRWGRARYARRVAGAVWVLVLACQAPVLYFVTTSARGGRVTCHDTSAPELFSRFVAYSSVMLGLLFAVPFAVILVCYVLMARRLLKPAYGTSGGLPRAKRKSVRTIAVVLAVFALCFLPFHVTRTLYYSFRSLDLSCHTLNAINMAYKVTRPLASANSCLDPVLYFLAGQRLVRFARDAKPPTGPSPATPARRRLGLRRSDRTDMQRIEDVLGSSEDSRRTESTPAGSENTKDIRL
13,24,25,DB01023,Q01668,1.0,CCOC(=O)C1=C(C)NC(C)=C(C1C1=C(Cl)C(Cl)=CC=C1)C(=O)OC,MMMMMMMKKMQHQRQQQADHANEANYARGTRLPLSGEGPTSQPNSSKQTVLSWQAAIDAARQAKAAQTMSTSAPPPVGSLSQRKRQQYAKSKKQGNSSNSRPARALFCLSLNNPIRRACISIVEWKPFDIFILLAIFANCVALAIYIPFPEDDSNSTNHNLEKVEYAFLIIFTVETFLKIIAYGLLLHPNAYVRNGWNLLDFVIVIVGLFSVILEQLTKETEGGNHSSGKSGGFDVKALRAFRVLRPLRLVSGVPSLQVVLNSIIKAMVPLLHIALLVLFVIIIYAIIGLELFIGKMHKTCFFADSDIVAEEDPAPCAFSGNGRQCTANGTECRSGWVGPNGGITNFDNFAFAMLTVFQCITMEGWTDVLYWMNDAMGFELPWVYFVSLVIFGSFFVLNLVLGVLSGEFSKEREKAKARGDFQKLREKQQLEEDLKGYLDWITQAEDIDPENEEEGGEEGKRNTSMPTSETESVNTENVSGEGENRGCCGSLCQAISKSKLSRRWRRWNRFNRRRCRAAVKSVTFYWLVIVLVFLNTLTISSEHYNQPDWLTQIQDIANKVLLALFTCEMLVKMYSLGLQAYFVSLFNRFDCFVVCGGITETILVELEIMSPLGISVFRCVRLLRIFKVTRHWTSLSNLVASLLNSMKSIASLLLLLFLFIIIFSLLGMQLFGGKFNFDETQTKRSTFDNFPQALLTVFQILTGEDWNAVMYDGIMAYGGPSSSGMIVCIYFIILFICGNYILLNVFLAIAVDNLADAESLNTAQKEEAEEKERKKIARKESLENKKNNKPEVNQIANSDNKVTIDDYREEDEDKDPYPPCDVPVGEEEEEEEEDEPEVPAGPRPRRISELNMKEKIAPIPEGSAFFILSKTNPIRVGCHKLINHHIFTNLILVFIMLSSAALAAEDPIRSHSFRNTILGYFDYAFTAIFTVEILLKMTTFGAFLHKGAFCRNYFNLLDMLVVGVSLVSFGIQSSAISVVKILRVLRVLRPLRAINRAKGLKHVVQCVFVAIRTIGNIMIVTTLLQFMFACIGVQLFKGKFYRCTDEAKSNPEECRGLFILYKDGDVDSPVVRERIWQNSDFNFDNVLSAMMALFTVSTFEGWPALLYKAIDSNGENIGPIYNHRVEISIFFIIYIIIVAFFMMNIFVGFVIVTFQEQGEKEYKNCELDKNQRQCVEYALKARPLRRYIPKNPYQYKFWYVVNSSPFEYMMFVLIMLNTLCLAMQHYEQSKMFNDAMDILNMVFTGVFTVEMVLKVIAFKPKGYFSDAWNTFDSLIVIGSIIDVALSEADPTESENVPVPTATPGNSEESNRISITFFRLFRVMRLVKLLSRGEGIRTLLWTFIKSFQALPYVALLIAMLFFIYAVIGMQMFGKVAMRDNNQINRNNNFQTFPQAVLLLFRCATGEAWQEIMLACLPGKLCDPESDYNPGEEYTCGSNFAIVYFISFYMLCAFLIINLFVAVIMDNFDYLTRDWSILGPHHLDEFKRIWSEYDPEAKGRIKHLDVVTLLRRIQPPLGFGKLCPHRVACKRLVAMNMPLNSDGTVMFNATLFALVRTALKIKTEGNLEQANEELRAVIKKIWKKTSMKLLDQVVPPAGDDEVTVGKFYATFLIQDYFRKFKKRKEQGLVGKYPAKNTTIALQAGLRTLHDIGPEIRRAISCDLQDDEPEETKREEEDDVFKRNGALLGNHVNHVNSDRRDSLQQTNTTHRPLHVQRPSIPPASDTEKPLFPPAGNSVCHNHHNHNSIGKQVPTSTNANLNNANMSKAAHGKRPSIGNLEHVSENGHHSSHKHDREPQRRSSVKRTRYYETYIRSDSGDEQLPTICREDPEIHGYFRDPHCLGEQEYFSSEECYEDDSSPTWSRQNYGYYSRYPGRNIDSERPRGYHHPQGFLEDDDSPVCYDSRRSPRRRLLPPTPASHRRSSFNFECLRRQSSQEEVPSSPIFPHRTALPLHLMQQQIMAVAGLDSSKAQKYSPSHSTRSWATPPATPPYRDWTPCYTPLIQVEQSEALDQVNGSLPSLHRSSWYTDEPDISYRTFTPASLTVPSSFRNKNSDKQRSADSLVEAVLISEGLGRYARDPKFVSATKHEIADACDLTIDEMESAASTLLNGNVRPRANGDVGPLSHRQDYELQDFGPGYSDEEPDPGRDEEDLADEMICITTL
14,26,27,DB00170,P05177,1.0,CC1=CC(=O)C2=CC=CC=C2C1=O,MALSQSVPFSATELLLASAIFCLVFWVLKGLRPRVPKGLKSPPEPWGWPLLGHVLTLGKNPHLALSRMSQRYGDVLQIRIGSTPVLVLSRLDTIRQALVRQGDDFKGRPDLYTSTLITDGQSLTFSTDSGPVWAARRRLAQNALNTFSIASDPASSSSCYLEEHVSKEAKALISRLQELMAGPGHFDPYNQVVVSVANVIGAMCFGQHFPESSDEMLSLVKNTHEFVETASSGNPLDFFPILRYLPNPALQRFKAFNQRFLWFLQKTVQEHYQDFDKNSVRDITGALFKHSKKGPRASGNLIPQEKIVNLVNDIFGAGFDTVTTAISWSLMYLVTKPEIQRKIQKELDTVIGRERRPRLSDRPQLPYLEAFILETFRHSSFLPFTIPHSTTRDTTLNGFYIPKKCCVFVNQWQVNHDPELWEDPSEFRPERFLTADGTAINKPLSEKMMLFGMGKRRCIGEVLAKWEIFLFLAILLQQLEFSVPPGVKVDLTPIYGLTMKHARCEHVQARLRFSIN
15,27,28,DB00217,Q86YB8,0.0,CN\C(NCC1=CC=CC=C1)=N/C,MSQGVRRAGAGQGVAAAVQLLVTLSFLRSVVEAQVTGVLDDCLCDIDSIDNFNTYKIFPKIKKLQERDYFRYYKVNLKRPCPFWAEDGHCSIKDCHVEPCPESKIPVGIKAGHSNKYLKMANNTKELEDCEQANKLGAINSTLSNQSKEAFIDWARYDDSRDHFCELDDERSPAAQYVDLLLNPERYTGYKGTSAWRVWNSIYEENCFKPRSVYRPLNPLAPSRGEDDGESFYTWLEGLCLEKRVFYKLISGLHASINLHLCANYLLEETWGKPSWGPNIKEFKHRFDPVETKGEGPRRLKNLYFLYLIELRALSKVAPYFERSIVDLYTGNAEEDADTKTLLLNIFQDTKSFPMHFDEKSMFAGDKKGAKSLKEEFRLHFKNISRIMDCVGCDKCRLWGKLQTQGLGTALKILFSEKEIQKLPENSPSKGFQLTRQEIVALLNAFGRLSTSIRDLQNFKVLLQHSR
16,28,29,DB02784,P06744,0.0,[H][C@@](CO)(N=C(O)CCN=C(O)CBr)C(O)=NCCC1=CC=C(C=C1)N=C(O)C(O)=O,MAALTRDPQFQKLQQWYREHRSELNLRRLFDANKDRFNHFSLTLNTNHGHILVDYSKNLVTEDVMRMLVDLAKSRGVEAARERMFNGEKINYTEGRAVLHVALRNRSNTPILVDGKDVMPEVNKVLDKMKSFCQRVRSGDWKGYTGKTITDVINIGIGGSDLGPLMVTEALKPYSSGGPRVWYVSNIDGTHIAKTLAQLNPESSLFIIASKTFTTQETITNAETAKEWFLQAAKDPSAVAKHFVALSTNTTKVKEFGIDPQNMFEFWDWVGGRYSLWSAIGLSIALHVGFDNFEQLLSGAHWMDQHFRTTPLEKNAPVLLALLGIWYINCFGCETHAMLPYDQYLHRFAAYFQQGDMESNGKYITKSGTRVDHQTGPIVWGEPGTNGQHAFYQLIHQGTKMIPCDFLIPVQTQHPIRKGLHHKILLANFLAQTEALMRGKSTEEARKELQAAGKSPEDLERLLPHKVFEGNRPTNSIVFTKLTPFMLGALVAMYEHKIFVQGIIWDINSFDQWGVELGKQLAKKIEPELDGSAQVTSHDASTNGLINFIKQQREARVQ
17,29,30,DB03948,P12268,1.0,[H][C@]1(COP(O)(O)=O)O[C@@]([H])(N2C=NC3=C(Cl)[NH+]=CN=C23)[C@]([H])(O)[C@]1([H])O,MADYLISGGTSYVPDDGLTAQQLFNCGDGLTYNDFLILPGYIDFTADQVDLTSALTKKITLKTPLVSSPMDTVTEAGMAIAMALTGGIGFIHHNCTPEFQANEVRKVKKYEQGFITDPVVLSPKDRVRDVFEAKARHGFCGIPITDTGRMGSRLVGIISSRDIDFLKEEEHDCFLEEIMTKREDLVVAPAGITLKEANEILQRSKKGKLPIVNEDDELVAIIARTDLKKNRDYPLASKDAKKQLLCGAAIGTHEDDKYRLDLLAQAGVDVVVLDSSQGNSIFQINMIKYIKDKYPNLQVIGGNVVTAAQAKNLIDAGVDALRVGMGSGSICITQEVLACGRPQATAVYKVSEYARRFGVPVIADGGIQNVGHIAKALALGASTVMMGSLLAATTEAPGEYFFSDGIRLKKYRGMGSLDAMDKHLSSQNRYFSEADKIKVAQGVSGAVQDKGSIHKFVPYLIAGIQHSCQDIGAKSLTQVRAMMYSGELKFEKRTSSAQVEGGVHSLHSYEKRLF
18,30,31,DB00389,P11511,1.0,CCOC(=O)N1C=CN(C)C1=S,MVLEMLNPIHYNITSIVPEAMPAATMPVLLLTGLFLLVWNYEGTSSIPGPGYCMGIGPLISHGRFLWMGIGSACNYYNRVYGEFMRVWISGEETLIISKSSSMFHIMKHNHYSSRFGSKLGLQCIGMHEKGIIFNNNPELWKTTRPFFMKALSGPGLVRMVTVCAESLKTHLDRLEEVTNESGYVDVLTLLRRVMLDTSNTLFLRIPLDESAIVVKIQGYFDAWQALLIKPDIFFKISWLYKKYEKSVKDLKDAIEVLIAEKRRRISTEEKLEECMDFATELILAEKRGDLTRENVNQCILEMLIAAPDTMSVSLFFMLFLIAKHPNVEEAIIKEIQTVIGERDIKIDDIQKLKVMENFIYESMRYQPVVDLVMRKALEDDVIDGYPVKKGTNIILNIGRMHRLEFFPKPNEFTLENFAKNVPYRYFQPFGFGPRGCAGKYIAMVMMKAILVTLLRRFHVKTLQGQCVESIQKIHDLSLHPDETKNMLEMIFTPRNSDRCLEH
19,31,32,DB04525,P09211,0.0,[H][C@@](CC1=CC=CC=C1)(N=C(O)CCC(O)=O)C(O)=N[C@@]([H])(CC1=CC(C(O)=O)=C(OCC(O)=O)C=C1)C(O)=NCCCCC,MPPYTVVYFPVRGRCAALRMLLADQGQSWKEEVVTVETWQEGSLKASCLYGQLPKFQDGDLTLYQSNTILRHLGRTLGLYGKDQQEAALVDMVNDGVEDLRCKYISLIYTNYEAGKDDYVKALPGQLKPFETLLSQNQGGKTFIVGDQISFADYNLLDLLLIHEVLAPGCLDAFPLLSAYVGRLSARPKLKAFLASPEYVNLPINGNGKQ
20,32,33,DB08601,P02741,0.0,CCCC[Sn](CCCC)CCCC,MEKLLCFLVLTSLSHAFGQTDMSRKAFVFPKESDTSYVSLKAPLTKPLKAFTVCLHFYTELSSTRGYSIFSYATKRQDNEILIFWSKDIGYSFTVGGSEILFEVPEVTVAPVHICTSWESASGIVEFWVDGKPRVRKSLKKGYTVGAEASIILGQEQDSFGGNFEGSQSLVGDIGNVNMWDFVLSPDEINTIYLGGPFSPNVLNWRALKYEVQGEVFTKPQLWP
